City_ID,City,Lat,Lng,Max Temp,Humidity,Cloudiness,Wind Speed,Country,Date
0,Butaritari,3.07,172.79,81.93,74,0,13.78,KI,2020-10-16 13:41:10
1,Port Alfred,-33.59,26.89,68.2,76,93,28.63,ZA,2020-10-16 13:41:10
2,Kropotkin,45.44,40.58,75.31,42,75,1.81,RU,2020-10-16 13:41:10
3,Albany,42.6,-73.97,52.0,88,100,0.69,US,2020-10-16 13:41:10
4,Inhambane,-23.86,35.38,77.09,62,0,13.82,MZ,2020-10-16 13:41:10
5,Praia Da Vitoria,38.73,-27.07,66.2,88,75,12.59,PT,2020-10-16 13:41:10
6,Storforshei,66.4,14.52,46.0,87,75,4.7,NO,2020-10-16 13:41:10
7,Nikolskoye,59.7,30.79,45.0,65,75,13.42,RU,2020-10-16 13:41:11
8,Pevek,69.7,170.31,37.51,82,78,13.4,RU,2020-10-16 13:41:11
9,Gualeguay,-33.14,-59.31,73.78,56,0,8.59,AR,2020-10-16 13:41:11
10,Comodoro Rivadavia,-45.87,-67.5,69.8,37,100,14.99,AR,2020-10-16 13:41:11
11,Cape Town,-33.93,18.42,82.4,26,0,13.87,ZA,2020-10-16 13:40:56
12,Erdenet,49.03,104.08,34.79,78,100,3.56,MN,2020-10-16 13:41:11
13,Mataura,-46.19,168.86,43.0,82,59,1.99,NZ,2020-10-16 13:41:11
14,Necochea,-38.55,-58.74,66.99,78,0,11.01,AR,2020-10-16 13:36:16
15,Puerto Ayora,-0.74,-90.35,70.0,89,97,5.01,EC,2020-10-16 13:41:11
16,Ushuaia,-54.8,-68.3,44.6,66,20,17.22,AR,2020-10-16 13:40:11
17,Vila Franca Do Campo,37.72,-25.43,71.6,73,75,10.29,PT,2020-10-16 13:41:11
18,Kodiak,57.79,-152.41,30.2,80,1,6.93,US,2020-10-16 13:41:11
19,Kapaa,22.08,-159.32,73.4,100,75,5.82,US,2020-10-16 13:41:11
20,Bethel,41.37,-73.41,59.0,82,90,5.82,US,2020-10-16 13:41:12
21,Qaanaaq,77.48,-69.36,23.61,81,1,7.65,GL,2020-10-16 13:41:12
22,Tazovskiy,67.47,78.7,29.28,95,100,8.88,RU,2020-10-16 13:41:12
23,Tambo Grande,-4.93,-80.34,74.32,59,90,2.51,PE,2020-10-16 13:41:12
24,Rikitea,-23.12,-134.97,73.51,79,100,17.18,PF,2020-10-16 13:41:12
25,Swan River,52.11,-101.27,21.38,84,17,8.1,CA,2020-10-16 13:41:12
26,Atuona,-9.8,-139.03,78.37,77,1,18.37,PF,2020-10-16 13:41:12
27,Vao,-22.67,167.48,69.75,83,19,18.86,NC,2020-10-16 13:41:12
28,Arraial Do Cabo,-22.97,-42.03,75.2,73,75,12.75,BR,2020-10-16 13:41:12
29,North Bend,43.41,-124.22,54.0,93,1,6.93,US,2020-10-16 13:39:44
30,Maues,-3.38,-57.72,95.95,38,46,4.94,BR,2020-10-16 13:41:12
31,Barrow,71.29,-156.79,17.6,72,20,17.22,US,2020-10-16 13:41:12
32,Clyde River,70.47,-68.59,32.0,95,90,11.41,CA,2020-10-16 13:41:13
33,Ginir,7.13,40.7,66.4,80,28,6.8,ET,2020-10-16 13:41:13
34,Kahului,20.89,-156.47,73.0,73,1,3.36,US,2020-10-16 13:37:39
35,Norman Wells,65.28,-126.83,19.4,79,75,13.87,CA,2020-10-16 13:41:13
36,Hermanus,-34.42,19.23,84.0,44,0,3.0,ZA,2020-10-16 13:41:13
37,Warrnambool,-38.38,142.48,53.01,92,95,5.68,AU,2020-10-16 13:41:13
38,Aklavik,68.22,-135.01,21.2,73,90,13.87,CA,2020-10-16 13:41:13
39,Tuatapere,-46.13,167.68,43.0,82,96,1.99,NZ,2020-10-16 13:41:13
40,Khatanga,71.97,102.5,2.25,92,0,3.31,RU,2020-10-16 13:41:13
41,Punta Arenas,-53.15,-70.92,42.8,87,75,9.17,CL,2020-10-16 13:39:22
42,Druskininkai,54.02,23.97,48.2,70,90,6.71,LT,2020-10-16 13:41:13
43,Broome,42.25,-75.83,48.0,93,90,4.7,US,2020-10-16 13:41:13
44,Mehamn,71.04,27.85,37.4,74,75,9.17,NO,2020-10-16 13:41:13
45,Karratha,-20.74,116.85,72.52,64,0,17.22,AU,2020-10-16 13:37:57
46,Matara,5.95,80.54,79.65,84,100,10.49,LK,2020-10-16 13:41:14
47,New Norfolk,-42.78,147.06,42.01,67,100,2.44,AU,2020-10-16 13:41:14
48,Chuy,-33.7,-53.46,67.62,69,100,10.54,UY,2020-10-16 13:41:14
49,Adrar,20.5,-10.07,98.02,10,0,9.91,MR,2020-10-16 13:42:19
50,Castro,-24.79,-50.01,68.49,60,0,8.43,BR,2020-10-16 13:42:19
51,Egvekinot,66.32,-179.17,33.28,100,100,1.52,RU,2020-10-16 13:42:19
52,Mahebourg,-20.41,57.7,78.8,65,20,11.41,MU,2020-10-16 13:42:19
53,Codrington,-38.27,141.97,50.56,95,100,2.08,AU,2020-10-16 13:42:20
54,Hasaki,35.73,140.83,60.8,77,75,11.41,JP,2020-10-16 13:42:20
55,Busselton,-33.65,115.33,55.99,50,0,14.12,AU,2020-10-16 13:39:48
56,Maningrida,-12.07,134.27,79.52,80,99,7.11,AU,2020-10-16 13:42:20
57,Vaini,-21.2,-175.2,75.2,94,90,2.24,TO,2020-10-16 13:42:20
58,Maniitsoq,65.42,-52.9,41.61,90,100,24.87,GL,2020-10-16 13:42:20
59,Mount Gambier,-37.83,140.77,55.4,100,90,2.24,AU,2020-10-16 13:42:20
60,Dharchula,29.85,80.53,63.0,51,0,4.41,IN,2020-10-16 13:42:21
61,Daru,-9.08,143.21,77.88,75,100,12.35,PG,2020-10-16 13:42:21
62,Ilulissat,69.22,-51.1,44.6,52,75,16.11,GL,2020-10-16 13:40:03
63,Cabedelo,-6.98,-34.83,86.0,58,40,10.29,BR,2020-10-16 13:40:46
64,Geraldton,-28.77,114.6,66.2,77,1,23.04,AU,2020-10-16 13:42:21
65,Stokmarknes,68.56,14.91,42.8,93,75,12.75,NO,2020-10-16 13:42:21
66,Buala,-8.14,159.59,81.09,78,50,5.26,SB,2020-10-16 13:42:21
67,Keflavik,64.0,-22.56,48.99,76,90,4.7,IS,2020-10-16 13:42:22
68,Port Elizabeth,-33.92,25.57,68.0,77,40,24.16,ZA,2020-10-16 13:42:22
69,Luderitz,-26.65,15.16,69.71,53,0,9.95,NA,2020-10-16 13:42:22
70,Bredasdorp,-34.53,20.04,71.6,60,0,19.46,ZA,2020-10-16 13:42:22
71,Walvis Bay,-22.96,14.51,78.8,41,100,12.75,NA,2020-10-16 13:42:22
72,Hualmay,-11.1,-77.61,67.42,71,39,7.34,PE,2020-10-16 13:42:22
73,Marsa Matruh,31.35,27.25,82.4,45,84,5.82,EG,2020-10-16 13:42:23
74,Sokolskoye,57.14,43.16,42.57,65,100,7.78,RU,2020-10-16 13:42:23
75,Aban,56.67,96.06,29.12,94,100,6.13,RU,2020-10-16 13:42:23
76,Sept-Iles,50.2,-66.38,46.4,93,90,5.82,CA,2020-10-16 13:40:02
77,Pervomayskoye,43.92,46.71,68.9,54,0,11.12,RU,2020-10-16 13:42:23
78,Saint-Pierre,-21.34,55.48,78.8,69,45,10.29,RE,2020-10-16 13:42:23
79,Arman,59.7,150.17,29.95,85,0,2.19,RU,2020-10-16 13:42:23
80,Eston,51.15,-108.75,24.8,85,75,4.7,CA,2020-10-16 13:42:24
81,Pomabamba,-8.83,-77.47,52.7,61,88,6.78,PE,2020-10-16 13:42:24
82,Kruisfontein,-34.0,24.73,73.99,65,51,8.01,ZA,2020-10-16 13:42:24
83,East London,-33.02,27.91,68.0,77,75,19.46,ZA,2020-10-16 13:42:24
84,Belaya Gora,68.53,146.42,24.24,98,100,16.04,RU,2020-10-16 13:42:24
85,Souillac,-20.52,57.52,78.8,65,20,11.41,MU,2020-10-16 13:42:25
86,Pacific Grove,36.62,-121.92,69.01,48,1,3.36,US,2020-10-16 13:41:28
87,Redlands,34.06,-117.18,77.0,26,1,4.7,US,2020-10-16 13:42:05
88,Umtata,-31.59,28.78,71.6,53,20,18.34,ZA,2020-10-16 13:42:25
89,Taoudenni,22.68,-3.98,103.19,9,0,13.56,ML,2020-10-16 13:37:44
90,Sitio Novo Do Tocantins,-5.52,-47.46,98.91,33,0,4.27,BR,2020-10-16 13:43:30
91,Yellowknife,62.46,-114.35,24.01,85,75,13.87,CA,2020-10-16 13:41:53
92,Lompoc,34.64,-120.46,60.8,71,1,4.7,US,2020-10-16 13:43:30
93,Trapani,37.83,12.67,70.0,88,20,8.05,IT,2020-10-16 13:43:30
94,Suntar,62.14,117.63,22.28,88,58,11.07,RU,2020-10-16 13:43:30
95,Cayenne,4.93,-52.33,87.8,62,9,5.82,GF,2020-10-16 13:40:17
96,Wattegama,6.8,81.48,84.2,74,20,6.93,LK,2020-10-16 13:43:31
97,Pangnirtung,66.15,-65.71,35.6,73,90,2.24,CA,2020-10-16 13:43:31
98,Ponta Do Sol,32.67,-17.1,73.4,60,40,13.87,PT,2020-10-16 13:43:31
99,Manosque,43.83,5.79,62.01,48,18,2.95,FR,2020-10-16 13:43:31
100,Bluff,-46.6,168.33,43.0,82,29,1.99,NZ,2020-10-16 13:43:31
101,Artyom,40.47,50.33,69.8,68,0,16.11,AZ,2020-10-16 13:43:31
102,Goure,13.98,10.27,100.0,21,85,10.0,NE,2020-10-16 13:43:31
103,Canutama,-6.53,-64.38,90.05,52,78,3.44,BR,2020-10-16 13:43:31
104,Panzhihua,26.59,101.71,62.02,80,100,3.15,CN,2020-10-16 13:43:32
105,Havoysund,71.0,24.66,37.4,74,75,9.17,NO,2020-10-16 13:43:32
106,Bubaque,11.28,-15.83,83.08,79,100,7.16,GW,2020-10-16 13:43:32
107,Longyearbyen,78.22,15.64,26.6,63,40,12.75,SJ,2020-10-16 13:43:32
108,Kaitangata,-46.28,169.85,44.01,83,47,3.0,NZ,2020-10-16 13:43:32
109,Sarangani,5.4,125.46,82.9,73,97,6.87,PH,2020-10-16 13:43:32
110,Avarua,-21.21,-159.78,69.8,73,100,4.7,CK,2020-10-16 13:43:32
111,Severo-Kurilsk,50.68,156.12,42.26,68,37,24.58,RU,2020-10-16 13:43:32
112,Thompson,55.74,-97.86,24.8,85,75,14.99,CA,2020-10-16 13:43:32
113,Coos Bay,43.37,-124.22,54.0,93,1,6.93,US,2020-10-16 13:43:33
114,Pitimbu,-7.47,-34.81,86.0,58,40,10.29,BR,2020-10-16 13:43:33
115,Seoul,37.57,126.98,51.8,76,1,3.02,KR,2020-10-16 13:39:57
116,Pekan,3.48,103.4,84.2,79,20,2.19,MY,2020-10-16 13:43:33
117,Mahon,39.89,4.27,62.6,51,20,8.05,ES,2020-10-16 13:43:33
118,Takaka,-40.85,172.8,50.0,77,100,3.0,NZ,2020-10-16 13:43:33
119,Mar Del Plata,-38.0,-57.56,62.6,88,75,14.99,AR,2020-10-16 13:39:04
120,Bairiki,1.33,172.98,80.6,78,20,6.93,KI,2020-10-16 13:43:34
121,Kloulklubed,7.04,134.26,77.0,94,75,5.61,PW,2020-10-16 13:43:34
122,Abay,49.63,72.85,44.6,39,0,8.95,KZ,2020-10-16 13:43:34
123,Carnarvon,-24.87,113.63,69.8,77,0,25.28,AU,2020-10-16 13:43:34
124,Tasiilaq,65.61,-37.64,39.2,93,75,3.36,GL,2020-10-16 13:43:34
125,Saint-Philippe,-21.36,55.77,78.8,69,50,10.29,RE,2020-10-16 13:43:34
126,Lokosovo,61.13,74.82,41.88,91,100,13.76,RU,2020-10-16 13:43:34
127,Bambous Virieux,-20.34,57.76,78.8,65,20,11.41,MU,2020-10-16 13:43:35
128,Port Lincoln,-34.73,135.87,53.91,81,100,14.09,AU,2020-10-16 13:43:35
129,Shenjiamen,29.96,122.3,63.45,83,100,16.17,CN,2020-10-16 13:43:35
130,Constitucion,-35.33,-72.42,58.86,74,3,12.26,CL,2020-10-16 13:43:35
131,Srednekolymsk,67.45,153.68,29.68,99,100,4.85,RU,2020-10-16 13:43:35
132,Komsomolskiy,40.43,71.72,62.6,59,0,2.24,UZ,2020-10-16 13:43:35
133,Flinders,-34.58,150.86,61.0,77,99,1.99,AU,2020-10-16 13:43:35
134,Mulege,26.88,-111.98,80.87,55,77,2.82,MX,2020-10-16 13:43:36
135,San Quintin,30.48,-115.95,69.71,59,12,6.42,MX,2020-10-16 13:44:41
136,Huarmey,-10.07,-78.15,68.04,70,19,7.74,PE,2020-10-16 13:44:41
137,Anadyr,64.75,177.48,39.2,86,98,11.18,RU,2020-10-16 13:44:41
138,Nemuro,43.32,145.57,51.08,62,99,5.95,JP,2020-10-16 13:43:01
139,Amga,60.9,131.96,18.25,96,97,3.4,RU,2020-10-16 13:44:41
140,Saskylakh,71.92,114.08,10.17,95,80,2.89,RU,2020-10-16 13:44:41
141,San-Pedro,4.75,-6.64,81.48,78,100,10.69,CI,2020-10-16 13:44:41
142,Baruun-Urt,46.68,113.28,38.12,66,94,5.48,MN,2020-10-16 13:44:41
143,Tura,25.52,90.22,75.36,93,0,3.02,IN,2020-10-16 13:44:41
144,Atambua,-9.11,124.89,75.36,78,97,1.21,ID,2020-10-16 13:44:41
145,Fortuna,40.6,-124.16,50.0,87,1,4.7,US,2020-10-16 13:44:42
146,Vestmannaeyjar,63.44,-20.27,46.4,65,20,11.41,IS,2020-10-16 13:44:42
147,Shizuishan,39.23,106.77,49.3,40,0,6.93,CN,2020-10-16 13:44:42
148,Mount Pleasant,32.79,-79.86,78.01,88,1,6.93,US,2020-10-16 13:44:42
149,Provideniya,64.38,-173.3,39.31,94,100,16.82,RU,2020-10-16 13:44:42
150,Ierapetra,35.01,25.74,80.01,65,0,8.01,GR,2020-10-16 13:44:42
151,Pathein,16.78,94.73,78.67,91,97,5.44,MM,2020-10-16 13:44:42
152,Georgetown,5.41,100.34,82.4,83,20,2.24,MY,2020-10-16 13:44:42
153,Meulaboh,4.14,96.13,78.98,83,77,1.07,ID,2020-10-16 13:44:42
154,Chepareria,1.31,35.2,74.21,55,38,0.92,KE,2020-10-16 13:44:43
155,Hilo,19.73,-155.09,73.4,73,40,5.82,US,2020-10-16 13:42:55
156,Yumen,40.28,97.2,42.93,44,0,10.56,CN,2020-10-16 13:44:43
157,Faya,18.39,42.45,77.0,10,0,6.93,SA,2020-10-16 13:44:43
158,Isangel,-19.55,169.27,69.22,83,100,11.92,VU,2020-10-16 13:44:43
159,Lima,-12.04,-77.03,63.0,88,90,2.24,PE,2020-10-16 13:44:43
160,Acheng,45.55,126.98,42.01,69,0,4.47,CN,2020-10-16 13:44:43
161,Eureka,40.8,-124.16,69.8,30,1,11.41,US,2020-10-16 13:44:41
162,Ribeira Brava,32.65,-17.07,73.4,60,40,13.87,PT,2020-10-16 13:44:43
163,Big Rapids,43.7,-85.48,42.01,86,40,5.82,US,2020-10-16 13:44:43
164,Klaksvik,62.23,-6.59,44.6,81,99,2.24,FO,2020-10-16 13:44:43
165,Sembe,1.65,14.58,77.65,89,98,3.87,CG,2020-10-16 13:44:43
166,Victoria,22.29,114.16,80.01,80,34,3.0,HK,2020-10-16 13:43:30
167,San Andres,12.58,-81.7,82.4,83,75,6.93,CO,2020-10-16 13:43:19
168,Port Macquarie,-31.43,152.92,64.99,82,94,4.54,AU,2020-10-16 13:44:44
169,Chincholi,17.47,77.43,75.24,84,19,1.21,IN,2020-10-16 13:44:44
170,Cockburn Town,21.46,-71.14,83.37,79,2,16.35,TC,2020-10-16 13:44:44
171,Mattru,7.62,-11.83,85.05,74,98,3.98,SL,2020-10-16 13:44:44
172,Saint-Augustin,51.23,-58.65,53.29,75,100,16.24,CA,2020-10-16 13:44:44
173,Tokmak,47.25,35.71,70.16,52,100,8.72,UA,2020-10-16 13:44:44
174,Hovd,48.01,91.64,38.07,61,67,0.69,MN,2020-10-16 13:44:44
175,Llanes,43.42,-4.75,61.0,60,52,10.27,ES,2020-10-16 13:44:44
176,Neuquen,-38.95,-68.06,71.6,49,0,3.36,AR,2020-10-16 13:44:44
177,Nuuk,64.18,-51.72,44.6,81,90,24.16,GL,2020-10-16 13:41:50
178,Sukhobezvodnoye,57.05,44.89,41.38,72,100,5.39,RU,2020-10-16 13:44:45
179,Upernavik,72.79,-56.15,36.95,74,100,6.64,GL,2020-10-16 13:44:45
180,Los Llanos De Aridane,28.66,-17.92,75.2,69,75,6.93,ES,2020-10-16 13:44:45
181,Umm Lajj,25.02,37.27,89.94,49,0,8.43,SA,2020-10-16 13:44:45
182,Camacha,33.08,-16.33,71.6,56,20,11.41,PT,2020-10-16 13:44:45
183,Jamestown,42.1,-79.24,43.0,100,90,3.36,US,2020-10-16 13:41:54
184,Adre,13.47,22.2,94.12,11,0,8.34,TD,2020-10-16 13:45:50
185,Americus,32.07,-84.23,66.2,77,1,6.93,US,2020-10-16 13:45:50
186,Diffa,13.32,12.61,103.6,11,2,14.47,NE,2020-10-16 13:45:50
187,Saint-Louis,16.33,-15.0,105.93,12,0,11.83,SN,2020-10-16 13:45:50
188,Fairbanks,64.84,-147.72,10.99,91,1,2.26,US,2020-10-16 13:42:30
189,Pampa,35.54,-100.96,35.6,74,1,7.83,US,2020-10-16 13:44:17
190,Naze,28.37,129.48,73.4,88,20,2.24,JP,2020-10-16 13:45:51
191,Prince Rupert,54.32,-130.32,44.6,87,75,14.99,CA,2020-10-16 13:45:03
192,Yakeshi,49.28,120.73,32.95,87,35,10.74,CN,2020-10-16 13:45:51
193,Sinnamary,5.38,-52.95,86.85,55,23,8.68,GF,2020-10-16 13:45:51
194,Lavrentiya,65.58,-171.0,38.84,93,100,29.42,RU,2020-10-16 13:40:57
195,Hobart,-42.88,147.33,46.4,65,100,6.93,AU,2020-10-16 13:44:03
196,Garissa,-0.45,39.64,93.04,36,2,20.65,KE,2020-10-16 13:45:51
197,Buzdyak,54.58,54.55,53.47,57,100,8.66,RU,2020-10-16 13:45:51
198,Deputatskiy,69.3,139.9,13.98,97,100,7.9,RU,2020-10-16 13:45:51
199,Boyuibe,-20.42,-63.28,71.6,60,40,4.97,BO,2020-10-16 13:45:51
200,Zambezi,-13.54,23.1,94.3,22,17,9.93,ZM,2020-10-16 13:45:52
201,Manyana,-23.4,21.72,93.69,11,41,12.55,BW,2020-10-16 13:45:52
202,Kirakira,-10.45,161.92,79.36,76,9,2.19,SB,2020-10-16 13:45:52
203,Samarai,-10.62,150.67,78.13,86,19,12.68,PG,2020-10-16 13:45:52
204,Christchurch,-43.53,172.63,51.01,81,97,18.34,NZ,2020-10-16 13:45:52
205,Stulovo,58.72,50.14,37.78,78,100,2.64,RU,2020-10-16 13:45:52
206,Bonthe,7.53,-12.51,84.02,71,63,9.69,SL,2020-10-16 13:45:52
207,Faanui,-16.48,-151.75,78.35,80,30,8.28,PF,2020-10-16 13:45:52
208,Tuktoyaktuk,69.45,-133.04,21.2,85,90,24.16,CA,2020-10-16 13:45:52
209,Coolum Beach,-26.53,153.1,63.0,92,4,3.38,AU,2020-10-16 13:45:53
210,Beyneu,45.32,55.2,61.14,31,21,6.38,KZ,2020-10-16 13:45:53
211,Panama City,8.99,-79.52,82.99,83,40,5.82,PA,2020-10-16 13:41:04
212,The Valley,18.22,-63.06,86.0,88,75,14.99,AI,2020-10-16 13:45:53
213,Coulommiers,48.81,3.08,59.0,67,1,1.99,FR,2020-10-16 13:43:48
214,Marihatag,8.79,126.3,78.35,83,64,4.94,PH,2020-10-16 13:45:53
215,Cabo San Lucas,22.89,-109.91,73.4,73,5,3.36,MX,2020-10-16 13:44:17
216,George,-33.96,22.46,69.8,73,0,11.41,ZA,2020-10-16 13:45:54
217,Te Anau,-45.42,167.72,39.25,91,99,3.89,NZ,2020-10-16 13:45:54
218,Half Moon Bay,37.46,-122.43,80.6,14,1,26.4,US,2020-10-16 13:45:54
219,Ocos,14.51,-92.19,71.6,100,20,4.38,GT,2020-10-16 13:45:54
220,Kargasok,59.06,80.86,37.65,77,100,16.13,RU,2020-10-16 13:45:54
221,Pangkalanbuun,-2.68,111.62,75.56,94,100,2.39,ID,2020-10-16 13:45:54
222,Kaeo,-35.1,173.78,50.0,91,91,3.0,NZ,2020-10-16 13:45:54
223,Tiksi,71.69,128.87,21.69,97,98,5.79,RU,2020-10-16 13:45:54
224,Beloha,-25.17,45.05,75.18,66,0,18.39,MG,2020-10-16 13:45:54
225,Leshukonskoye,64.9,45.76,32.65,96,100,7.63,RU,2020-10-16 13:45:55
226,Portland,45.52,-122.68,48.2,87,75,0.89,US,2020-10-16 13:44:22
227,Darab,28.75,54.54,62.69,18,0,0.74,IR,2020-10-16 13:45:55
228,Dasoguz,41.84,59.97,71.6,24,0,6.93,TM,2020-10-16 13:47:00
229,Sitka,57.05,-135.33,48.2,66,90,8.05,US,2020-10-16 13:46:18
230,Moose Factory,51.26,-80.61,32.0,93,90,9.17,CA,2020-10-16 13:47:00
231,Kuching,1.55,110.33,82.4,88,20,2.24,MY,2020-10-16 13:47:00
232,Yaan,7.38,8.57,86.02,68,80,2.86,NG,2020-10-16 13:47:01
233,Makurdi,7.74,8.51,90.1,60,48,1.45,NG,2020-10-16 13:47:01
234,Ayan,56.45,138.17,31.91,87,24,8.39,RU,2020-10-16 13:47:01
235,Maceio,-9.67,-35.74,84.2,54,75,10.29,BR,2020-10-16 13:47:01
236,Lagoa,39.05,-27.98,65.34,81,84,13.29,PT,2020-10-16 13:47:01
237,Kavaratti,10.57,72.64,81.59,78,0,16.02,IN,2020-10-16 13:47:01
238,Tambovka,50.1,128.05,39.2,44,2,8.95,RU,2020-10-16 13:47:01
239,Clifton,40.86,-74.16,62.6,63,90,10.29,US,2020-10-16 13:47:01
240,Sao Filipe,14.9,-24.5,82.62,73,100,4.27,CV,2020-10-16 13:47:01
241,Mana,5.66,-53.78,87.19,52,42,8.3,GF,2020-10-16 13:47:02
242,Thayetmyo,19.32,95.18,78.93,86,33,1.23,MM,2020-10-16 13:47:02
243,Linxia,35.6,103.21,44.13,60,0,2.35,CN,2020-10-16 13:47:02
244,Port Hawkesbury,45.62,-61.35,55.99,93,40,4.7,CA,2020-10-16 13:47:02
245,Nome,64.5,-165.41,37.4,93,90,25.28,US,2020-10-16 13:47:02
246,Sao Joao Da Barra,-21.64,-41.05,73.4,83,90,11.41,BR,2020-10-16 13:47:02
247,Hamilton,39.18,-84.53,44.01,86,1,3.94,US,2020-10-16 13:45:03
248,Kayseri,38.74,35.5,78.8,24,0,4.7,TR,2020-10-16 13:47:02
249,Oranjemund,-28.55,16.43,68.52,57,0,12.84,NA,2020-10-16 13:47:02
250,College,64.86,-147.8,10.99,71,20,2.24,US,2020-10-16 13:47:03
251,Virginia Beach,36.85,-75.98,73.99,84,78,3.0,US,2020-10-16 13:46:30
252,Port Augusta,-32.5,137.77,61.0,100,90,14.99,AU,2020-10-16 13:47:03
253,Hirara,24.8,125.28,79.45,77,25,15.79,JP,2020-10-16 13:47:03
254,Kutum,14.2,24.67,89.67,12,0,6.04,SD,2020-10-16 13:47:03
255,La Ronge,55.1,-105.28,23.0,62,90,13.87,CA,2020-10-16 13:47:03
256,Cartagena,10.4,-75.51,84.2,89,10,3.36,CO,2020-10-16 13:46:57
257,Bati,11.18,40.02,78.64,37,95,7.23,ET,2020-10-16 13:47:03
258,Kysyl-Syr,63.9,122.76,24.67,97,100,5.77,RU,2020-10-16 13:47:03
259,Micheweni,-4.97,39.83,82.02,68,7,11.83,TZ,2020-10-16 13:47:03
260,Tabou,4.42,-7.35,80.71,79,90,12.15,CI,2020-10-16 13:47:03
261,Lata,40.16,-8.33,73.99,42,49,5.97,PT,2020-10-16 13:47:04
262,Nantucket,41.28,-70.1,64.4,88,75,16.11,US,2020-10-16 13:46:42
263,Suez,29.97,32.53,86.97,36,0,17.81,EG,2020-10-16 13:47:04
264,Haines Junction,60.75,-137.51,25.41,91,100,5.68,CA,2020-10-16 13:47:04
265,Tessalit,20.2,1.01,101.48,8,0,6.46,ML,2020-10-16 13:47:04
266,Yar-Sale,66.83,70.83,32.11,96,100,14.97,RU,2020-10-16 13:47:04
267,Dingle,11.0,122.67,77.0,88,99,1.88,PH,2020-10-16 13:47:04
268,Cumpana,44.12,28.57,77.0,47,75,11.41,RO,2020-10-16 13:47:04
269,Ullapool,57.9,-5.16,52.0,71,90,1.01,GB,2020-10-16 13:47:04
270,Dikson,73.51,80.55,28.65,97,100,9.4,RU,2020-10-16 13:47:04
271,Chlorakas,34.8,32.41,80.6,61,20,14.99,CY,2020-10-16 13:47:04
272,Booue,-0.09,11.94,86.43,58,93,4.83,GA,2020-10-16 13:47:05
273,Ambon,-3.7,128.18,78.01,94,40,6.93,ID,2020-10-16 13:47:05
274,Nyurba,63.28,118.33,20.68,86,1,11.9,RU,2020-10-16 13:47:05
275,Narsaq,60.92,-46.05,53.6,30,40,19.46,GL,2020-10-16 13:47:05
276,Normandin,48.83,-72.53,44.6,100,90,3.11,CA,2020-10-16 13:48:10
277,Nizwa,22.93,57.53,79.86,21,0,6.8,OM,2020-10-16 13:48:10
278,Hun,29.13,15.95,100.85,8,69,15.03,LY,2020-10-16 13:48:10
279,Eregli,37.51,34.05,75.97,22,0,4.38,TR,2020-10-16 13:48:10
280,Horsham,51.06,-0.33,54.0,66,75,8.05,GB,2020-10-16 13:48:10
281,Police,53.55,14.57,53.01,89,100,8.03,PL,2020-10-16 13:48:10
282,Eyl,7.98,49.82,83.91,67,68,20.87,SO,2020-10-16 13:48:10
283,Ixtapa,20.7,-105.2,84.0,94,90,4.7,MX,2020-10-16 13:48:10
284,Coquimbo,-29.95,-71.34,53.6,93,90,1.12,CL,2020-10-16 13:48:11
285,Lakeland Highlands,27.96,-81.95,81.0,88,5,6.24,US,2020-10-16 13:48:11
286,Mao,39.89,4.27,62.6,51,20,8.05,ES,2020-10-16 13:43:33
287,Dubrovytsya,51.57,26.57,51.98,65,95,0.45,UA,2020-10-16 13:48:11
288,Abha,18.22,42.51,77.0,10,0,6.93,SA,2020-10-16 13:48:11
289,Loucovice,48.62,14.26,46.99,93,100,4.0,CZ,2020-10-16 13:48:11
290,Myitkyina,25.38,97.4,76.08,85,10,1.28,MM,2020-10-16 13:48:11
291,Tiznit,29.58,-9.5,68.88,45,0,11.77,MA,2020-10-16 13:48:11
292,Areia Branca,-4.96,-37.14,88.9,43,0,13.15,BR,2020-10-16 13:48:11
293,Bijawar,24.63,79.5,82.31,57,1,6.26,IN,2020-10-16 13:48:12
294,Goroka,-6.08,145.39,61.12,89,100,2.15,PG,2020-10-16 13:48:12
295,Ulaanbaatar,47.91,106.88,26.6,63,58,4.47,MN,2020-10-16 13:44:59
296,Chester,40.13,-75.87,53.6,76,90,10.29,US,2020-10-16 13:46:20
297,Genk,50.97,5.5,55.99,69,97,7.63,BE,2020-10-16 13:48:12
298,Koungheul,13.98,-14.8,99.91,30,73,5.28,SN,2020-10-16 13:48:12
299,Batticaloa,7.71,81.69,82.15,72,0,3.56,LK,2020-10-16 13:48:12
300,Galveston,29.37,-94.97,64.99,77,90,18.34,US,2020-10-16 13:48:12
301,Coihaique,-45.58,-72.07,53.6,62,40,23.04,CL,2020-10-16 13:46:32
302,Hithadhoo,-0.6,73.08,83.84,74,93,20.42,MV,2020-10-16 13:48:12
303,Kosh-Agach,50.0,88.67,27.37,92,30,1.28,RU,2020-10-16 13:48:13
304,Loukhi,66.08,33.04,33.84,89,53,6.91,RU,2020-10-16 13:48:13
305,Tsiroanomandidy,-18.77,46.03,80.26,48,8,7.81,MG,2020-10-16 13:48:13
306,Pacifica,37.61,-122.49,71.01,37,1,10.29,US,2020-10-16 13:48:13
307,Airai,-8.93,125.41,61.45,93,90,0.89,TL,2020-10-16 13:48:13
308,Atlantic City,39.36,-74.42,61.0,82,90,18.34,US,2020-10-16 13:48:13
309,Najran,17.49,44.13,86.0,13,0,4.7,SA,2020-10-16 13:48:13
310,Muscat,23.61,58.59,86.0,42,0,6.93,OM,2020-10-16 13:46:48
311,Pestovo,58.59,35.8,37.94,79,95,5.77,RU,2020-10-16 13:48:13
312,Tiarei,-17.53,-149.33,75.2,78,100,13.87,PF,2020-10-16 13:48:13
313,Alta Floresta,-9.88,-56.09,100.81,26,6,4.05,BR,2020-10-16 13:48:13
314,Kachug,53.96,105.88,25.56,92,7,4.72,RU,2020-10-16 13:48:14
315,Saint George,37.1,-113.58,59.0,15,1,17.22,US,2020-10-16 13:43:59
316,Hervey Bay,-25.3,152.85,66.99,77,0,5.82,AU,2020-10-16 13:48:14
317,Mecca,21.43,39.83,95.67,14,0,16.69,SA,2020-10-16 13:48:14
318,Canroma,10.36,122.88,78.62,84,100,0.38,PH,2020-10-16 13:48:14
319,Zhangjiakou,40.81,114.88,46.09,49,0,5.01,CN,2020-10-16 13:48:14
320,Namibe,-15.2,12.15,80.6,65,53,17.22,AO,2020-10-16 13:48:14
321,Mochalishche,56.33,48.35,44.6,87,75,8.95,RU,2020-10-16 13:48:14
322,Bengkulu,-3.8,102.27,78.44,85,100,3.76,ID,2020-10-16 13:49:19
323,Sungairaya,0.7,108.9,80.64,84,99,8.28,ID,2020-10-16 13:49:19
324,Katsuura,35.13,140.3,62.6,72,75,13.87,JP,2020-10-16 13:49:20
325,Kedrovyy,56.17,91.82,26.6,92,82,4.88,RU,2020-10-16 13:49:20
326,Touros,-5.2,-35.46,86.0,55,75,12.75,BR,2020-10-16 13:49:20
327,Leningradskiy,69.38,178.42,35.22,91,100,14.34,RU,2020-10-16 13:49:20
328,Maunabo,18.01,-65.9,82.0,100,54,14.18,PR,2020-10-16 13:49:20
329,Ambovombe,-25.17,46.08,72.0,82,43,18.7,MG,2020-10-16 13:49:20
330,Teahupoo,-17.83,-149.27,75.2,78,100,12.75,PF,2020-10-16 13:49:20
331,Belsand,26.45,85.4,82.94,63,0,3.31,IN,2020-10-16 13:49:20
332,Gravdal,68.12,13.5,44.6,87,75,11.41,NO,2020-10-16 13:49:20
333,Gat,31.61,34.76,82.0,56,0,1.01,IL,2020-10-16 13:47:05
334,Payao,10.18,122.95,77.61,86,100,0.76,PH,2020-10-16 13:49:20
335,Grimshaw,56.18,-117.6,25.0,53,90,11.41,CA,2020-10-16 13:49:21
336,Cherskiy,68.75,161.3,27.1,94,46,3.53,RU,2020-10-16 13:49:21
337,Teguldet,57.31,88.17,32.04,91,100,6.91,RU,2020-10-16 13:49:21
338,Broken Hill,-31.95,141.43,68.0,60,72,13.87,AU,2020-10-16 13:49:21
339,Chapais,49.78,-74.85,33.8,100,90,6.93,CA,2020-10-16 13:49:21
340,Ushtobe,45.25,77.98,54.5,38,0,9.06,KZ,2020-10-16 13:49:21
341,Katunino,64.39,40.63,37.4,93,90,6.71,RU,2020-10-16 13:49:21
342,Avallon,47.48,3.9,55.99,81,97,9.17,FR,2020-10-16 13:49:21
343,Jumla,29.27,82.18,54.36,66,2,2.13,NP,2020-10-16 13:49:21
344,Saint Anthony,45.02,-93.22,36.0,74,75,6.93,US,2020-10-16 13:49:22
345,Lincoln,40.8,-96.67,39.99,69,1,9.17,US,2020-10-16 13:46:41
346,Arlit,18.74,7.39,103.5,8,0,0.47,NE,2020-10-16 13:49:22
347,Lebu,-37.62,-73.65,58.48,70,0,3.96,CL,2020-10-16 13:49:22
348,Ossora,59.24,163.07,34.83,84,0,8.59,RU,2020-10-16 13:49:22
349,Ancud,-41.87,-73.82,51.8,81,74,4.7,CL,2020-10-16 13:49:22
350,Pilot Butte,50.47,-104.42,14.0,85,20,10.29,CA,2020-10-16 13:49:22
351,Hofn,64.25,-15.21,48.2,70,0,2.24,IS,2020-10-16 13:49:22
352,La Palma,33.85,-118.05,66.2,63,20,3.36,US,2020-10-16 13:49:22
353,Mehran,33.12,46.16,78.8,13,0,6.93,IR,2020-10-16 13:49:22
354,Sarkand,45.41,79.92,51.06,43,0,3.11,KZ,2020-10-16 13:49:22
355,Kavieng,-2.57,150.8,82.04,77,97,12.53,PG,2020-10-16 13:49:23
356,Poum,-20.23,164.02,72.84,80,59,5.93,NC,2020-10-16 13:49:23
357,Rafsanjan,30.41,55.99,62.19,19,0,10.36,IR,2020-10-16 13:49:23
358,Teknaf,20.86,92.31,82.4,84,100,6.2,BD,2020-10-16 13:49:23
359,Lichuan,30.3,108.85,48.65,96,100,1.45,CN,2020-10-16 13:49:23
360,Raudeberg,61.99,5.14,53.6,66,0,1.12,NO,2020-10-16 13:49:23
361,Batagay-Alyta,67.8,130.41,9.54,90,43,2.48,RU,2020-10-16 13:49:23
362,Torbay,47.67,-52.73,54.0,100,90,3.36,CA,2020-10-16 13:49:23
363,Sola,-13.88,167.55,79.95,79,10,8.55,VU,2020-10-16 13:49:23
364,Richards Bay,-28.78,32.04,72.16,70,94,10.22,ZA,2020-10-16 13:49:23
365,Turan,16.07,108.22,77.0,100,75,14.74,VN,2020-10-16 13:45:34
366,Verkhoyansk,67.54,133.38,9.95,91,100,3.96,RU,2020-10-16 13:49:24
367,Cangucu,-31.39,-52.68,73.0,63,74,1.99,BR,2020-10-16 13:49:24
368,Indramayu,-6.33,108.32,83.08,73,46,10.92,ID,2020-10-16 13:49:24
369,Tomatlan,19.93,-105.25,78.17,83,89,2.21,MX,2020-10-16 13:50:29
370,Nurota,40.56,65.69,68.0,22,0,4.7,UZ,2020-10-16 13:50:29
371,Ruteng,-8.61,120.47,63.27,96,95,2.06,ID,2020-10-16 13:50:29
372,Alice Springs,-23.7,133.88,80.6,24,0,6.93,AU,2020-10-16 13:50:29
373,Ahipara,-35.17,173.17,49.14,85,8,2.21,NZ,2020-10-16 13:50:29
374,Ashland,40.82,-82.27,44.01,81,1,3.36,US,2020-10-16 13:50:30
375,Dapaong,10.86,0.2,94.32,37,13,4.21,TG,2020-10-16 13:50:30
376,Aracuai,-16.85,-42.07,88.75,45,62,9.1,BR,2020-10-16 13:50:30
377,Mikuni,36.22,136.15,60.8,67,90,3.36,JP,2020-10-16 13:50:30
378,Lamu,-2.27,40.9,84.2,62,75,12.75,KE,2020-10-16 13:46:09
379,Salta,-24.79,-65.41,66.2,59,100,4.7,AR,2020-10-16 13:50:29
380,Vermilion,40.17,-87.75,39.99,55,1,9.15,US,2020-10-16 13:50:30
381,Kitimat,54.05,-128.65,39.0,95,100,6.11,CA,2020-10-16 13:50:30
382,Namatanai,-3.67,152.43,80.17,76,26,8.25,PG,2020-10-16 13:50:30
383,Rawson,-43.3,-65.1,80.64,26,14,16.91,AR,2020-10-16 13:50:30
384,Ulladulla,-35.35,150.47,57.2,87,90,3.36,AU,2020-10-16 13:50:31
385,Adelaide,-34.93,138.6,60.01,87,75,8.05,AU,2020-10-16 13:50:01
386,Sabang,5.89,95.32,83.14,76,48,20.04,ID,2020-10-16 13:50:31
387,Puerto Baquerizo Moreno,-0.9,-89.6,69.91,85,100,10.38,EC,2020-10-16 13:50:31
388,Diamantina,-18.25,-43.6,77.4,59,48,6.22,BR,2020-10-16 13:50:31
389,Ribeira Grande,38.52,-28.7,73.4,69,20,13.87,PT,2020-10-16 13:50:31
390,Santa Maria,-29.68,-53.81,75.52,55,0,9.69,BR,2020-10-16 13:50:31
391,Zhigansk,66.77,123.37,21.79,96,100,9.98,RU,2020-10-16 13:50:31
392,Tautira,-17.73,-149.15,75.2,78,100,12.75,PF,2020-10-16 13:50:32
393,Svetlogorsk,52.63,29.73,52.14,73,36,4.97,BY,2020-10-16 13:50:32
394,Lasa,46.62,10.7,59.0,80,40,8.05,IT,2020-10-16 13:50:32
395,Tres Coracoes,-21.7,-45.25,78.39,55,93,5.66,BR,2020-10-16 13:47:10
396,Grand Gaube,-20.01,57.66,77.0,67,3,5.99,MU,2020-10-16 13:50:32
397,Trairi,-3.28,-39.27,88.34,51,34,15.73,BR,2020-10-16 13:50:32
398,Darnah,32.77,22.64,92.41,23,0,16.31,LY,2020-10-16 13:50:32
399,Deming,32.27,-107.76,48.2,45,1,10.29,US,2020-10-16 13:45:56
400,Fort Nelson,58.81,-122.7,23.0,92,90,4.7,CA,2020-10-16 13:50:32
401,Kushiro,42.98,144.37,46.36,68,100,1.61,JP,2020-10-16 13:50:32
402,Chazuta,-6.57,-76.14,75.2,88,90,2.21,PE,2020-10-16 13:50:33
403,Yertarskiy,56.79,64.3,52.72,68,78,11.79,RU,2020-10-16 13:50:33
404,Salinas,36.68,-121.66,64.0,62,1,4.88,US,2020-10-16 13:50:33
405,Dunmore Town,25.5,-76.65,82.83,79,6,9.84,BS,2020-10-16 13:50:33
406,San Cristobal,7.77,-72.22,82.4,58,40,4.7,VE,2020-10-16 13:50:33
407,Mareeba,-17.0,145.43,71.6,73,40,8.05,AU,2020-10-16 13:50:33
408,Rundu,-17.93,19.77,99.01,10,8,10.92,NA,2020-10-16 13:45:35
409,Paamiut,61.99,-49.67,42.46,78,100,31.05,GL,2020-10-16 13:50:34
410,Khandyga,62.67,135.6,14.45,94,0,2.59,RU,2020-10-16 13:50:34
411,Nishihara,26.18,127.76,78.8,65,75,6.93,JP,2020-10-16 13:50:34
412,Cheney,47.49,-117.58,44.6,56,90,9.17,US,2020-10-16 13:50:34
413,Inverell,-29.78,151.12,59.0,70,10,7.47,AU,2020-10-16 13:50:34
414,Ternate,0.8,127.4,82.36,74,94,4.34,ID,2020-10-16 13:50:34
415,Aykhal,66.0,111.5,12.2,78,0,6.71,RU,2020-10-16 13:50:34
416,Cidreira,-30.18,-50.21,68.14,68,8,15.26,BR,2020-10-16 13:51:39
417,Jizan,17.33,42.67,95.0,50,20,13.87,SA,2020-10-16 13:51:40
418,Maloy,61.94,5.11,53.6,66,0,1.12,NO,2020-10-16 13:51:40
419,Yulara,-25.24,130.99,86.0,19,0,8.05,AU,2020-10-16 13:51:40
420,Shirokiy,49.76,129.52,32.47,87,0,9.35,RU,2020-10-16 13:51:40
421,Hede,33.77,120.25,56.46,81,7,5.99,CN,2020-10-16 13:51:40
422,Turayf,31.67,38.66,84.2,23,50,4.7,SA,2020-10-16 13:51:41
423,Polunochnoye,60.87,60.42,33.3,90,57,11.14,RU,2020-10-16 13:51:41
424,Lewisporte,49.25,-55.05,54.0,81,20,3.36,CA,2020-10-16 13:51:41
425,Mogok,22.92,96.5,66.0,94,0,3.0,MM,2020-10-16 13:51:41
426,Dawson Creek,55.77,-120.24,30.2,92,90,8.05,CA,2020-10-16 13:51:41
427,Atoyac,20.02,-103.53,57.2,93,75,2.91,MX,2020-10-16 13:51:41
428,Bilibino,68.05,166.44,23.0,95,17,1.99,RU,2020-10-16 13:51:41
429,Laguna,38.42,-121.42,57.99,66,1,5.53,US,2020-10-16 13:51:41
430,Terekli-Mekteb,44.17,45.87,72.95,42,0,3.94,RU,2020-10-16 13:51:41
431,Hami,42.8,93.45,48.65,40,0,7.52,CN,2020-10-16 13:51:42
432,Port Shepstone,-30.74,30.45,68.34,79,100,12.55,ZA,2020-10-16 13:51:42
433,Sorland,67.67,12.69,44.6,81,90,9.17,NO,2020-10-16 13:51:42
434,Mastic Beach,40.77,-72.85,68.0,82,90,6.93,US,2020-10-16 13:51:42
435,Tosya,41.02,34.04,73.4,28,0,2.24,TR,2020-10-16 13:51:42
436,San Patricio,28.02,-97.52,66.2,77,90,18.34,US,2020-10-16 13:51:42
437,Gambela,8.25,34.58,87.3,62,70,1.81,ET,2020-10-16 13:51:42
438,Ola,59.58,151.28,31.24,88,0,1.88,RU,2020-10-16 13:51:42
439,Barra Do Corda,-5.5,-45.25,90.81,49,69,7.92,BR,2020-10-16 13:51:42
440,Murray Bridge,-35.12,139.27,55.99,97,99,1.99,AU,2020-10-16 13:51:43
441,Otane,-39.88,176.63,35.01,89,41,1.99,NZ,2020-10-16 13:51:43
442,Nanortalik,60.14,-45.24,42.48,77,47,11.01,GL,2020-10-16 13:51:43
443,Petrovec,41.94,21.61,60.8,93,90,3.36,MK,2020-10-16 13:51:43
444,Saldanha,-33.01,17.94,77.0,38,0,12.75,ZA,2020-10-16 13:51:43
445,Maubin,16.73,95.65,80.6,94,75,5.82,MM,2020-10-16 13:51:43
446,Esperance,-33.87,121.9,50.0,93,0,6.93,AU,2020-10-16 13:51:43
447,Port Hedland,-20.32,118.57,77.0,61,0,11.41,AU,2020-10-16 13:51:43
448,Baturaja,-4.13,104.17,78.35,77,83,2.62,ID,2020-10-16 13:51:43
449,Acapulco,16.86,-99.89,78.8,83,75,3.36,MX,2020-10-16 13:50:27
450,Husavik,66.04,-17.34,37.4,59,75,8.05,IS,2020-10-16 13:51:44
451,Hambantota,6.12,81.12,84.2,74,20,6.93,LK,2020-10-16 13:51:44
452,Presidencia Roque Saenz Pena,-26.79,-60.44,85.73,41,70,3.83,AR,2020-10-16 13:51:44
453,Alugan,12.22,125.48,79.72,80,84,3.31,PH,2020-10-16 13:51:44
454,Taga,46.95,24.05,64.4,63,40,4.7,RO,2020-10-16 13:51:44
455,Caravelas,-17.71,-39.25,75.74,87,99,7.81,BR,2020-10-16 13:51:44
456,Dunedin,-45.87,170.5,44.01,82,71,1.01,NZ,2020-10-16 13:51:44
457,Vaitape,-16.52,-151.75,79.18,78,35,8.34,PF,2020-10-16 13:51:44
458,San Policarpo,12.18,125.51,80.1,80,88,3.87,PH,2020-10-16 13:51:45
459,Say,13.1,2.37,98.6,32,0,6.93,NE,2020-10-16 13:51:45
460,Paita,-5.09,-81.11,66.2,82,75,16.11,PE,2020-10-16 13:52:50
461,Kharabali,47.42,47.26,71.01,70,2,4.03,RU,2020-10-16 13:52:50
462,Vostok,46.49,135.88,26.46,92,0,5.41,RU,2020-10-16 13:52:50
463,Guozhen,34.37,107.36,56.14,41,100,1.19,CN,2020-10-16 13:52:50
464,Port-Gentil,-0.72,8.78,84.2,66,75,16.11,GA,2020-10-16 13:52:50
465,Xichang,27.9,102.26,54.37,66,100,3.65,CN,2020-10-16 13:52:50
466,Taganak,6.08,118.3,78.8,94,20,12.15,PH,2020-10-16 13:52:50
467,Dzaoudzi,-12.79,45.27,82.4,69,75,3.36,YT,2020-10-16 13:52:50
468,Constantine,36.37,6.61,64.4,39,40,8.05,DZ,2020-10-16 13:52:51
469,Japura,-0.32,102.35,78.73,82,89,1.72,ID,2020-10-16 13:52:51
470,Moron,-34.65,-58.62,71.01,68,75,10.29,AR,2020-10-16 13:51:15
471,Camargo,27.67,-105.17,61.81,42,16,7.0,MX,2020-10-16 13:52:51
472,Trincomalee,8.57,81.23,83.62,65,77,10.89,LK,2020-10-16 13:52:51
473,Shingu,33.73,135.98,62.85,81,73,3.94,JP,2020-10-16 13:52:51
474,Salalah,17.02,54.09,84.2,70,0,9.17,OM,2020-10-16 13:50:57
475,Santa Isabel Do Rio Negro,-0.41,-65.02,89.13,57,98,1.52,BR,2020-10-16 13:52:51
476,Batagay,67.63,134.63,9.91,92,100,2.62,RU,2020-10-16 13:52:51
477,Butte,39.65,-121.57,64.4,33,1,6.93,US,2020-10-16 13:52:52
478,Wyszkow,52.59,21.46,48.0,92,90,4.0,PL,2020-10-16 13:52:52
479,Bartica,6.4,-58.62,87.8,66,75,9.17,GY,2020-10-16 13:52:52
480,Berbera,10.44,45.01,88.18,53,0,9.98,SO,2020-10-16 13:52:52
481,Iralaya,15.0,-83.23,82.49,80,98,10.0,HN,2020-10-16 13:52:52
482,Daugai,54.37,24.33,44.6,70,90,6.93,LT,2020-10-16 13:52:52
483,Anori,-3.77,-61.64,92.35,51,34,2.84,BR,2020-10-16 13:51:11
484,Monrovia,6.3,-10.8,83.66,70,28,8.46,LR,2020-10-16 13:52:52
485,Guerrero Negro,27.98,-114.06,71.13,70,0,9.06,MX,2020-10-16 13:52:53
486,Havelock,34.88,-76.9,77.0,90,5,7.94,US,2020-10-16 13:52:53
487,Mercedes,-34.65,-59.43,75.0,71,0,3.0,AR,2020-10-16 13:49:47
488,Banda Aceh,5.56,95.32,81.81,72,60,12.03,ID,2020-10-16 13:50:57
489,Muros,42.78,-9.06,64.0,64,92,10.0,ES,2020-10-16 13:52:53
490,Marzuq,14.4,46.47,81.36,15,0,15.55,YE,2020-10-16 13:52:53
491,Takoradi,4.88,-1.76,81.16,79,64,12.86,GH,2020-10-16 13:52:53
492,State College,40.79,-77.86,46.99,93,90,3.36,US,2020-10-16 13:50:04
493,Pisco,-13.7,-76.22,64.4,82,40,6.93,PE,2020-10-16 13:52:53
494,Wenling,28.37,121.36,68.0,80,100,10.85,CN,2020-10-16 13:52:54
495,Wamba,8.93,8.6,87.73,59,83,3.24,NG,2020-10-16 13:52:54
496,High Level,58.52,-117.14,14.0,85,5,4.7,CA,2020-10-16 13:50:01
497,Chokurdakh,70.63,147.92,32.04,99,100,10.0,RU,2020-10-16 13:52:54
498,Howard Springs,-12.5,131.05,77.0,94,20,3.36,AU,2020-10-16 13:52:54
499,Mandalgovi,45.76,106.27,38.84,63,99,6.98,MN,2020-10-16 13:52:54
500,Piacabucu,-10.41,-36.43,82.89,61,25,10.94,BR,2020-10-16 13:52:02
501,Kamenka,51.32,42.77,66.99,47,100,11.14,RU,2020-10-16 13:52:54
502,Vestmanna,62.16,-7.17,44.6,81,100,2.24,FO,2020-10-16 13:52:54
503,Debre Tabor,11.85,38.02,59.29,84,61,5.7,ET,2020-10-16 13:52:54
504,Sohbatpur,28.52,68.54,82.87,14,0,6.33,PK,2020-10-16 13:52:55
505,Koppang,61.57,11.06,46.0,72,46,1.01,NO,2020-10-16 13:52:55
506,Bardiyah,31.76,25.09,86.14,35,0,5.26,LY,2020-10-16 13:54:00
507,Zhaoyuan,37.36,120.4,54.0,86,0,4.36,CN,2020-10-16 13:54:00
508,Lieksa,63.32,30.02,36.72,81,97,12.28,FI,2020-10-16 13:54:00
509,Ingham,42.6,-84.38,39.2,66,1,9.98,US,2020-10-16 13:54:00
510,Bathsheba,13.22,-59.52,87.8,70,40,17.22,BB,2020-10-16 13:54:01
511,Midland,32.0,-102.08,48.99,49,1,6.93,US,2020-10-16 13:54:01
512,Buraydah,26.33,43.98,91.4,18,0,10.29,SA,2020-10-16 13:51:40
513,Ust-Kulom,61.69,53.69,30.74,96,99,9.04,RU,2020-10-16 13:54:01
514,Salisbury,51.07,-1.8,55.0,62,75,10.29,GB,2020-10-16 13:54:01
515,Lorengau,-2.02,147.27,81.39,75,100,6.55,PG,2020-10-16 13:54:01
516,Roebourne,-20.78,117.13,73.71,52,0,17.63,AU,2020-10-16 13:54:01
517,Asau,46.43,26.4,61.0,83,64,2.89,RO,2020-10-16 13:54:01
518,Mayumba,-3.43,10.66,79.68,71,76,6.62,GA,2020-10-16 13:54:01
519,Begoro,6.39,-0.38,80.49,81,40,1.48,GH,2020-10-16 13:54:02
520,Nova Olimpia,-14.8,-57.29,92.46,42,46,4.74,BR,2020-10-16 13:54:02
521,Gamba,-2.65,10.0,79.38,71,88,8.7,GA,2020-10-16 13:54:02
522,Alofi,-19.06,-169.92,75.2,88,70,8.05,NU,2020-10-16 13:54:02
523,Along,28.17,94.77,72.28,85,0,1.25,IN,2020-10-16 13:54:02
524,Avera,33.19,-82.53,68.0,94,1,9.17,US,2020-10-16 13:54:02
525,Miraflores,19.22,-98.81,53.6,58,5,5.19,MX,2020-10-16 13:54:02
526,Miles City,46.41,-105.84,32.0,71,1,8.05,US,2020-10-16 13:54:02
527,Carovigno,40.71,17.66,71.6,63,20,8.05,IT,2020-10-16 13:54:02
528,Vega De Alatorre,20.03,-96.63,78.17,81,25,5.21,MX,2020-10-16 13:54:02
529,Umarkot,25.36,69.74,95.49,17,100,9.08,PK,2020-10-16 13:54:03
530,Aksu,41.12,80.26,56.16,35,0,4.12,CN,2020-10-16 13:54:03
531,Vilhena,-12.74,-60.15,84.38,51,100,5.68,BR,2020-10-16 13:50:57
532,Sur,22.57,59.53,81.14,54,0,14.65,OM,2020-10-16 13:54:03
533,Acarau,-2.89,-40.12,89.06,51,76,18.16,BR,2020-10-16 13:54:03
534,Ostersund,63.18,14.64,44.6,70,75,13.87,SE,2020-10-16 13:54:03
535,San Rafael,-34.62,-68.33,77.4,36,0,12.71,AR,2020-10-16 13:50:25
536,Bose,45.46,8.01,61.0,61,1,1.01,IT,2020-10-16 13:54:03
537,Tilichiki,60.47,166.1,33.46,90,57,5.01,RU,2020-10-16 13:54:03
538,Iqaluit,63.75,-68.51,33.8,100,90,4.7,CA,2020-10-16 13:54:03
539,Victoria Point,-27.58,153.3,66.0,75,34,3.13,AU,2020-10-16 13:52:29
540,Talnakh,69.49,88.4,23.0,92,40,8.95,RU,2020-10-16 13:54:04
541,Keti Bandar,24.14,67.45,89.47,32,52,15.08,PK,2020-10-16 13:54:04
542,Davila,18.47,120.58,81.68,79,56,22.19,PH,2020-10-16 13:54:04
543,Baglung,28.27,83.59,68.04,75,4,3.02,NP,2020-10-16 13:54:04
544,Moussoro,13.64,16.49,103.6,12,2,13.04,TD,2020-10-16 13:54:04
545,Russell,32.35,-85.2,63.0,93,20,11.41,US,2020-10-16 13:54:04
546,Kalmar,56.66,16.36,50.0,81,40,10.29,SE,2020-10-16 13:54:04
547,Dinan,48.42,-2.25,57.2,58,20,8.05,FR,2020-10-16 13:54:05
548,Angangueo,19.62,-100.29,57.0,60,14,7.07,MX,2020-10-16 13:54:05
549,Qurbus,36.82,10.57,69.8,35,40,13.87,TN,2020-10-16 13:54:05
550,Berlevag,70.86,29.09,32.0,81,75,2.24,NO,2020-10-16 13:54:05
551,Pandamatenga,-18.53,25.63,92.91,13,0,11.1,BW,2020-10-16 13:54:05
552,Boa Vista,2.82,-60.67,89.6,52,20,9.17,BR,2020-10-16 13:54:05
553,Araouane,18.9,-3.53,102.47,8,0,12.19,ML,2020-10-16 13:54:05
554,Flin Flon,54.77,-101.86,24.8,62,90,12.75,CA,2020-10-16 13:55:10
555,Pedernales,18.04,-71.74,82.4,88,20,6.93,DO,2020-10-16 13:55:11
556,Zubtsov,56.18,34.59,41.72,68,88,7.81,RU,2020-10-16 13:55:11
557,Yarmouth,41.71,-70.23,69.01,82,20,10.29,US,2020-10-16 13:50:56
558,Palmer,42.16,-72.33,61.0,87,90,5.82,US,2020-10-16 13:51:51
559,Evensk,61.95,159.23,34.3,84,31,10.92,RU,2020-10-16 13:55:11
560,San Carlos De Bariloche,-41.15,-71.31,57.2,41,0,3.09,AR,2020-10-16 13:55:11
561,Kawalu,-7.38,108.21,72.09,92,81,1.81,ID,2020-10-16 13:55:11
562,Nevers,46.92,3.33,55.99,76,90,6.93,FR,2020-10-16 13:55:11
